headersPlayStation,The Last of Us Part II - PlayStation 4,Free Shipping
Ubisoft,For Honor Marching Fire Edition - PlayStation 4,$1.99 Shipping
Ubisoft,Tom Clancy's The Division 2 - PlayStation 4,Free Shipping
Bethesda Softworks,The Elder Scrolls Online: Elsweyr - PlayStation 4,Free Shipping
Activision,Sekiro: Shadows Die Twice - PlayStation 4,Free Shipping
Sega,Yakuza 6: Essence of Art Edition - PlayStation 4,Free Shipping
Activision,Call of Duty: Modern Warfare - PlayStation 4,Free Shipping
PlayStation,Knack 2 - PlayStation 4,$2.99 Shipping
Rockstar Games,Red Dead Redemption 2 - PlayStation 4,Free Shipping
Capcom,Monster Hunter: World - PlayStation 4,Free Shipping
Warner Brothers,Hitman: Definitive Edition - PlayStation 4,Free Shipping
Bandai Namco Entertainment America Inc,Divinity: Original Sin II Definitive Edition - PlayStation 4,Free Shipping
Electronic Arts,Need for Speed: Rivals PlayStation 4,$8.64 Shipping
PQube Limited,Valthirian Arc - PlayStation 4,$3.99 Shipping
Electronic Arts,Mirror's Edge: Catalyst - PlayStation 4,Free Shipping
Warner Brothers,Middle-Earth: Shadow Of War - PlayStation 4,Free Shipping
Activision,Destiny 2 - PlayStation 4,Free Shipping
PlayStation,Kromaia Omega for Sony PS4,Free Shipping
Bethesda Softworks,Rage 2 - PlayStation 4,Free Shipping
Idea Factory,Megadimension Neptunia VIIR - PlayStation VR,Free Shipping
Idea Factory,Super Neptunia RPG - PlayStation 4,Free Shipping
PlayStation,Marvel's Spider-Man: Miles Morales Launch Edition - PlayStation 4,Free Shipping
Activision,Call of Duty: Infinite Warfare - Standard Edition - PlayStation 4,$3.99 Shipping
PlayStation,Ghost of Tsushima - PlayStation 4,Free Shipping
Activision,Call of Duty: Black Ops III - PlayStation 4,Free Shipping
Ubisoft,Assassins Creed Valhalla - PlayStation 4,Free Shipping
PlayStation,Marvel's Spider-Man: Game of the Year Edition - PlayStation 4,Free Shipping
Capcom,Resident Evil 2 - PlayStation 4,Free Shipping
Bandai Namco Entertainment America Inc,Naruto Shippuden Ultimate Ninja Storm 4 - PlayStation 4,Free Shipping
PlayStation,Everybody's Golf VR - PlayStation 4,Free Shipping
PlayStation,The Last of Us Part II - PlayStation 4,Free Shipping
Sega,Yakuza 6: The Song of Life (After Hours Premium Edition) - PlayStation 4,$5.99 Shipping
PlayStation,The Last of Us Remastered - PlayStation 4,Free Shipping
KOEI TECMO AMERICA CORP.,Dead or Alive 6 - PlayStation 4,$3.94 Shipping
Bandai Namco Entertainment America Inc,Dark Souls III: The Fire Fades Edition - PlayStation 4,Free Shipping
XSEED Games,Fate/Extella Link - PlayStation 4,Free Shipping
Ubisoft,Assassin's Creed Origins - PlayStation 4,Free Shipping